well_position,final_sequence_name,final_sequence
A1,BCAS1-X-0,ATGCCTTTATCTACTTACTTCCTCCCACCCTCCTAAGTTTCGAGCTGGACTCAGTG
A2,BCAS1-X-1,GATGAAGCAAGTCCCTCAGCCATCTGAGACCTCCTAAGTTTCGAGCTGGACTCAGTG
A3,BCAS1-X-2,CTTCTTTGACTTTCACATCTGTGGGCTCCCTCCTAAGTTTCGAGCTGGACTCAGTG
A4,BCAS1-X-3,GGGTTAGGGGAGGGTTTTTATCAGAGCACATCCTCCTAAGTTTCGAGCTGGACTCAGTG
A5,BCAS1-X-4,ATTACTATTCTCTGTGGCGTCTACCACCCCTCCTAAGTTTCGAGCTGGACTCAGTG
A6,BCAS1-X-5,TTGTAAGTGTCTGCTTCCGGGTCATGCTCCTCCTAAGTTTCGAGCTGGACTCAGTG
A7,BCAS1-X-6,TGGGCTTGGATCCTTTCCCAAGATTCTTTCCTCCTAAGTTTCGAGCTGGACTCAGTG
A8,BCAS1-X-7,TTTCCCGTTACTCTCTTCCGAGCGGGCCTCCTAAGTTTCGAGCTGGACTCAGTG
A9,BCAS1-X-8,ATCAGCCACAGCGTGAGCCTCCATTGCCTCCTAAGTTTCGAGCTGGACTCAGTG
A10,BCAS1-X-9,CAAGCCTTACAGTCTCTACTGGTGGCTCCCTCCTAAGTTTCGAGCTGGACTCAGTG
A11,BCAS1-X-10,AGAAGCGGGCACATTATCCTTCAAGCTGTTGCCTCCTAAGTTTCGAGCTGGACTCAGTG
A12,BCAS1-X-11,TCCTAAGCACTTTTCTTCTGCACCTTACTCCTCCTAAGTTTCGAGCTGGACTCAGTG
B1,BCAS1-X-12,ACGGGGTCCGTTTGCACTTGAGCATCCCTCCTAAGTTTCGAGCTGGACTCAGTG
B2,BCAS1-X-13,ACACGGTGTGGGTCTAGACAGGAGATGGCCTCCTAAGTTTCGAGCTGGACTCAGTG
B3,BCAS1-X-14,TCACTGTGAGCCCTCCTCAGCGAATCCCTCCTAAGTTTCGAGCTGGACTCAGTG
B4,BCAS1-X-15,CCCGTTCTTGGCTTTTGGACCCTTTCCCTCCTAAGTTTCGAGCTGGACTCAGTG
B5,BCAS1-X-16,CTGTGCCTCAGAAGTAATTGTTCCCCCACCTCCTAAGTTTCGAGCTGGACTCAGTG
B6,BCAS1-X-17,TCCGGTTTGCCATTCTTCTGCTTGTTGCCTCCTAAGTTTCGAGCTGGACTCAGTG
B7,BCAS1-X-18,CGCGCTTTCTCTTCCCTTGTCCAGTTCCTCCTAAGTTTCGAGCTGGACTCAGTG
B8,BCAS1-X-19,CTTAGTGGGACGCTCATCTGGTTTCCCCCTCCTAAGTTTCGAGCTGGACTCAGTG
B9,BCAS1-X-20,TGGGACTCAGGTGGTGAAGGTGCCAGTCCTCCTAAGTTTCGAGCTGGACTCAGTG
B10,BCAS1-X-21,GACTTCTTGTCCTTCGAGGAGGTCTCTCCTCCTAAGTTTCGAGCTGGACTCAGTG
B11,BCAS1-X-22,GGCTGACTGCTGCCCTTGGAACTCTTCCTCCTAAGTTTCGAGCTGGACTCAGTG
B12,BCAS1-X-23,TTTGTTTACTTGGATTTTCCAACTGGTCCGCCTCCTAAGTTTCGAGCTGGACTCAGTG
C1,BCAS1-X-24,CGCTTCTCAGACCTCTTTGGGGTCTTCCTCCTAAGTTTCGAGCTGGACTCAGTG
C2,BCAS1-X-25,GGGATGCCATTCTGAACACACTCGTTGCCTCCTAAGTTTCGAGCTGGACTCAGTG
C3,BCAS1-X-26,ACTGACATTTGTCTGAGAAACGCCATCAGACCTCCTAAGTTTCGAGCTGGACTCAGTG
C4,BCAS1-X-27,CCTGGTACAGGCCGAGAGAGTGTCAAGACCTCCTAAGTTTCGAGCTGGACTCAGTG
C5,BCAS1-X-28,GTTCAGAGCGTACAGCAACACTGGCTACCCTCCTAAGTTTCGAGCTGGACTCAGTG
C6,BCAS1-X-29,TCGACTTCCTCATAGTGTTGAATCACACGACCTCCTAAGTTTCGAGCTGGACTCAGTG
C7,BCAS1-X-30,GGGCGTCTTCTCCGTGGAGTTTGATGTTCCTCCTAAGTTTCGAGCTGGACTCAGTG
C8,BCAS1-X-31,AGACACCATGAGGATTCCCTGGTACAGCCCTCCTAAGTTTCGAGCTGGACTCAGTG
C9,BCAS1-X-32,CCCTAGATCAACTGGTTAACCTGCTAACCCCCTCCTAAGTTTCGAGCTGGACTCAGTG
C10,BCAS1-X-33,CAGAGTGTCAACTTCTTGCTTTCTCTCCCCTCCTAAGTTTCGAGCTGGACTCAGTG
C11,BCAS1-X-34,CCTCTGGATCCGCAGGGACAGAATAACTCCTCCTAAGTTTCGAGCTGGACTCAGTG
C12,BCAS1-X-35,GTGGGTGAATTCTCGGCGTCCGTGTCTCCTCCTAAGTTTCGAGCTGGACTCAGTG
D1,BCAS1-X-36,TCTTTCTCAGTGAGATCCACGGTTTGTAAGCCTCCTAAGTTTCGAGCTGGACTCAGTG
D2,BCAS1-X-37,TTTGGTCCCAGGCCCTTCAGAAAGCCCCCTCCTAAGTTTCGAGCTGGACTCAGTG
D3,BCAS1-X-38,TCTGCGCCTGTGGAAAGTGAATCCTCCTTACCTCCTAAGTTTCGAGCTGGACTCAGTG
D4,BCAS1-X-39,AACGAACCTGCAACTTTCATTTTGCCGTTTCCTCCTAAGTTTCGAGCTGGACTCAGTG
D5,BCAS1-X-40,TGAGGTCGGCTTTGTCCGACTTGAGACCTCCTAAGTTTCGAGCTGGACTCAGTG
D6,BCAS1-X-41,CAGGCGTGAGATAAGCGTCAGACGGAACACCTCCTAAGTTTCGAGCTGGACTCAGTG
D7,BCAS1-X-42,AAATGAACTAAGCCAGTCTTCCCTTCCCCTCCCTCCTAAGTTTCGAGCTGGACTCAGTG
D8,BCAS1-X-43,GATGAATCTGTGCCTTGGTCCCCGGGACCTCCTAAGTTTCGAGCTGGACTCAGTG
D9,BCAS1-X-44,TTGGCCTCAGTGCACCCTGGGGTTTTACCTCCTAAGTTTCGAGCTGGACTCAGTG
D10,BCAS1-X-45,TGGGAGGAGAACCTGGTGGGAGCTAGGTGACCTCCTAAGTTTCGAGCTGGACTCAGTG
D11,BCAS1-X-46,TACACTTATATGCCAGGAAAGACTGGACCCCTCCTAAGTTTCGAGCTGGACTCAGTG
D12,BCAS1-X-47,TTGAAGTTGGTAATTCATGCCCTTGTCCCCTCCTAAGTTTCGAGCTGGACTCAGTG
E1,BCAS1-X-48,TCTGGGTCCTTCTTTGTTTCAGTTTTGCCTCCTAAGTTTCGAGCTGGACTCAGTG
E2,BCAS1-X-49,TGTTAGGGGTACCGGATGCAAAGGGGAAAGCCTCCTAAGTTTCGAGCTGGACTCAGTG
